Insert into PRODUCT values (10002,'Dish','New Kibble blend with green kibble. 100 percent complete and balanced nutrition','Our new kibble blend features the same variety of tastes and textures that always gets tails wagging-now with green kibble! This antioxidant-rich dry dog food contains high quality ingredients including vegetables plus 23 essential vitamins  minerals. And we naturally kept our signature mix of crunchy kibble and meaty bits making a delicious meal with complete and balanced nutrition that you can feel good about serving every day. After all when it comes to your four-legged family every bit counts.',20,'N',20,'images\3.PNG',1024);
Insert into PRODUCT values (10003,'KibblenBites','Great Meaty Taste and Big Cheese Flavor. 100% Complete and Balanced Nutrition for Adult Dogs','Ol Roy(R) Soft  Moist Beef  Cheese Flavored Dog Food helps satisfy your dogs craving for tasty beef flavor and yummy cheese. This moist and chewy meal treat has is packed with beef  cheese flavor. Plus, weve added vitamins and minerals for 100% balanced nutrition for adult dogs. Sam Walton loved his dogs. Especially his favorite bird dog Ol Roy."Roy was more of a pet than a bird dog," Sam used to say,"and I treated him like family." So, when Sam developed the dog food that would carry h Ol Roy Soft  Moist Beef  Cheese Flavor Dog Food, 72 Oz',30,'Y',30,'images\4.PNG',1025);
Insert into PRODUCT values (10004,'Puppy','100% Complete  Balanced Nutrition for dogs. With six crunchy  chewy pieces. Contains antioxidants for a healthy immune system. Savory Beef  chicken flavors','A happy, healthy dog starts from within. Bright eyes, a shiny coat and boundless amounts of energy are all traits of a happy, healthy dog. Ol Roy wants to help keep your dog at his best with their high-protein dog food. Thats why Ol Roy Kibbles, Chunks  Chews Savory Beef  Chicken Flavored Dog Food is specially formulated to provide 100 percent complete and balanced nutrition for all breeds. Ol Roy is made with wholesome ingredients like high-quality proteins, carbohydrates and fatty acids. No dog can resist Ol Roys delicious meaty taste its a taste your dog will crave and gobble up. And, the high-protein dog food is easy to digest so your dog gets all the nutrients he needs to live a long and healthy life. Try Ol Roy Kibbles Chunks  Chews Dog Food and see the difference in your dog.',40,'N',40,'images\5.PNG',1026);
Insert into PRODUCT values (10005,'RedFord','100% Complete and Balanced for Adult Dogs. 23 Essential Vitamins and Minerals. Highly Digestible Formula. Immune Health','FeaturesType - Pedigree beef combo dog foodIncludes 6 each of #01527 beef  #01508 country stew.12 countCapacity - 13.2 oz.Dimension - 3 x 3 x 4 in.Item Weight - 13.2 lbs. Contains twelve (12) 13.2-oz. cans of. PEDIGREE CHOICE CUTS in Gravy Combo Pack Beef and Country Stew Wet Dog Food Dogs will love this delectable dog food with hearty cuts of real meat in gravy for an irresistible country stew flavor PEDIGREE CHOICE CUTS Dog Food provides complete nutrition in a balanced dog food. Juicy, meaty dog food bites provide a soft texture for flavor and variety',50,'Y',50,'images\6.PNG',1023);
Insert into PRODUCT values (10006,'PrimeCuts','Meaty chunks in a delicious gravy dogs love. 6 cans of Beef. 6 cans of Country Stew. Optimal levels of oil and minerals','Give your dog the taste he craves while staying mindful of his weight with Purina Beneful Healthy Weight With Real Chicken adult dry dog food. With 10% fewer calories than Purina Beneful Originals With Real Beef and no added sugar, this premium dog food offers calorie-smart nutrition with a taste your dog can wag his tail for. Real farm-raised chicken as the number one ingredient adds a savory flavor and helps to deliver the protein he needs to maintain lean muscles. And accents of real apples, carrots and green beans provide variety and wholesome goodness for your dog. The mix of crunchy and tender kibble give him flavor and texture thats sure to have him running to his bowl at mealtime. Dont waste time and money on unsatisfying dog food he wont even want to touch. Instead, feed him Beneful Healthy Weight With Real Chicken for 100% complete and balanced nutrition and show your adult dog you care about his health and happiness.',60,'N',60,'images\7.PNG',1024);
Insert into PRODUCT values (10007,'Pedigree','Calorie-smart nutrition helps adult dogs maintain a healthy weight. High-quality protein, real chicken','Natural food for your dog with added vitamins and minerals. Rich in omega-3 and omega-6 fatty acids. Chelated minerals. Nutritionally complete and balanced. Ester-C source of vitamin C. Veterinarian recommended. Preserved naturally with vitamins E and C. No by-products, corn, soy, wheat and yeast. No fillers or added sugar. No artificial colors, flavors or preservatives. Rich in antioxidants. Next to nature. The PetGuard Commitment: Since 1979, PetGuard has practiced the philosophy, which embodies a commitment to you and your pets, to provide only natural alternatives for a healthier environment and lifestyle. People today are concerned with the important relationship between nutrition and health. We are all concerned about actual ingredient sources, seeking products free of artificial ingredients, by-products, colors, preservatives, excess sugars and salt. ',70,'Y',70,'images\8.PNG',1025);
Insert into PRODUCT values (10008,'Zignature','Natural food for your dog with added vitamins and minerals. Rich in omega-3 and omega-6 fatty acids. Chelated minerals','A happy and healthy dog starts from within. Bright eyes, a shiny coat and boundless amounts of energy are all traits of a happy, healthy dog. We want to help keep your dog at his best. Thats why Ol Roy is specially formulated to provide adult dogs 100 percent complete and balanced nutrition for all breeds. Ol Roy is made with wholesome ingredients like high-quality proteins, carbohydrates and essential fatty acids. No dog can resist Ol Roys delicious taste — its a taste your dog will crave and gobble up. Its easy to digest so your dog gets all the nutrients he needs to live a long and healthy life. Try Ol Roy T-Bone  Chicken Flavor Dog Food and see the difference in your dog. Each Ol Roy formula is fortified with vitamins and minerals to help promote overall health and longevity. A healthy dog is a happy dog. Healthy fat, containing linoleic acids, helps nourish your dogs skin and promote a shiny, healthy coat. ',80,'N',80,'images\9.PNG',1026);
Insert into PRODUCT values (10009,'Beneful','Nutritionally complete and balanced. Veterinarian recommended. Preserved naturally with vitamins E and C.','Healthy puppy food that tastes great too? No, its not too much to ask. When you give your dog Beneful Healthy Puppy, youre starting him off with 100 percent of the nutrients he needs to help him thrive every day. Plus DHA to help support healthy brain and vision development. Its everyday healthy and all kinds of yum. Beneful Healthy Puppy is part of Benefuls Purposeful Recipes line. Just because your puppy may benefit from a specific kind of nutrition doesnt mean he should have to sacrifice taste! We want ALL dogs to enjoy mealtime. And with our purposefully selected blends with good-for-him ingredients in a mix of tender and crunchy bites, were sure he will. Beneful Healthy Puppy Dry Dog Food is just one of the three varieties of purposeful recipes that provide that specific nutrition with all the taste your dog loves and you expect from Beneful. The calcium-rich nutrition helps support your puppys teeth and bones while DHA helps support brain and vision development.',90,'Y',90,'images\10.PNG',1023);
Insert into PRODUCT values (10001,'OlRay','For Health and Vitality. Bonus Size 3.2 lbs More Free. 100 percent Complete and Balanced','Grilled Steak and Vegetable Flavor Dog Food. Prepared with whole grains for healthy digestion,plus real meat protein,our steak-flavored dry dog food is designed to keep your adult dog feeling their best. This PEDIGREE Dry Dog Food is also formulated with essential nutrients and omega-6 fatty acids to promote healthy skin and a shiny coat. Now with no high fructose corn syrup,no artificial flavors,and no added sugar. Best of all,our tasty kibble for dogs features a unique crunchy texture to help clean your dogs teeth with every bite. So whether youre looking for a nutritious formula to promote health and vitality or you simply want to give your companion a great-tasting meal,PEDIGREE Adult Dry Dog food is a delicious way to care for your adult dog.',10,'Y',10,'images\11.PNG',1023);


Insert into SELLER(1023,'Kathy',6,'ABCStreet','Mesa','Arizona',30303);
Insert into SELLER(1024,'John',9,'China Street','Atlanta','Georgia',45213);
Insert into SELLER(1025,'Matt',5,'Broad Street','Omaha','Nebraska',52148);
Insert into SELLER(1026,'Mike',2,'Peachtree Street','Raleigh','North Carolina',30385);

Insert into REVIEW values (1,'Akshay',4,'Very Nice',10001);
Insert into REVIEW values (4101,'Kaitlyn Kristy',4,null,10002);
Insert into REVIEW values (4106,'Emma Megan',4,'Packaged good. Original product.',10007);
Insert into REVIEW values (4111,'Jacob Smith',3,'Good quantity at great price. I have a pregnant wife and I hate grocery shopping. So free shipping on heavy item such as this is a no-brainer.',10003);
Insert into REVIEW values (4100,'Carla Houston',3,'My fussy dog finds this food okay. Nothing completely satisfies her tastes unless its what I have planned for my own dinner. She likes this as well as most and we have tried many dry foods.',10001);
Insert into REVIEW values (4102,'Abigail Akon Obro',3,'Good quantity at great price. I have a pregnant wife and I hate grocery shopping. So free shipping on heavy item such as this is a no-brainer.',10003);
Insert into REVIEW values (4103,'Ashley Rosa',1,'We have not had a problem ordering dog food until now. We opened the bag of food and it was filled with chunks of black mold. All through the bag. I have never seen something so gross. Definitely not a 1 star rating but it wouldnt let me post without a star',10004);
Insert into REVIEW values (4104,'Jillian Wyatt',2,'Love it, but why did the price increase from $21 to $50??
Seems a little suspicious when this happens to an automatic subscription, without notice
Sorry I have to cancel...especially since this is a monthly gift to a dog rescue....certainly not fair to them either!!',10005);
Insert into REVIEW values (4105,'Natosha Jacobs',3,'Its dog food, what do you want? I mean the dogs eat it.',10006);
Insert into REVIEW values (4107,'Brittany Lancaster',5,'This is my one go to food that i know my dogs will always eat it. They love it and they seem to be pretty healthy dogs.',10008);
Insert into REVIEW values (4108,'Audie Dewey',1,'The first ingredient is corn, dogs should not be eating this. Please dont feed your dog this terrible kibble. Invest in higher quality dog feed, your dogs health and diet is important.',10009);
Insert into REVIEW values (4109,'Nancy Perez',2,'Dog food as intended, like all dogs food is sensitive to their stomachs. Mine didnt react well to it.',10001);
Insert into REVIEW values (4110,'Shanika Rathnayake',3,'My wife donates to animal shelters who rehabilitate abused animals. Quick delivery!',10002);
Insert into REVIEW values (4112,'Noah William',5,'Our dogs love this food and have grown up on it. Always solid and quality!',10004);
Insert into REVIEW values (4113,'Alexander Liam',5,'Great dog food at a reasonable price. Both dogs love it.',10005);


Insert into QUESTIONS values (80003,'Hoe long will this last for medium size dog?',2003);
Insert into QUESTIONS values (80001,'I have 2 five # yorkies and a 11 # shih tzu. I want to know which kind would be best? also a small kibble?',2001);
Insert into QUESTIONS values (80002,'If i buy this adult large breed sheedded chicken 35 lb pro plan, at pet co for the same price i get 1, 35lb free after i buy 10 bags',2002);
Insert into QUESTIONS values (80004,'My dog is missing some teeth. Is this food soft or hard? Thanks!',2004);
Insert into QUESTIONS values (80005,'Shows 35 lb bag but shows item weight as 18.5 lbs; is this 18.5 # of food in a 35# capacity bag?',2005);
Insert into QUESTIONS values (80006,'I need to up fiber for our dog. How is this for fiber? Anybody else using for extra fiber?',2006);
Insert into QUESTIONS values (80007,'I have 9 dogs all small breeds. Want meat as first ingredient. Need large bags what kind do I need',2007);
Insert into QUESTIONS values (80008,'Recently started feeding this to my dog. She seems to like it, but noticed she''s licking/scratching more than usual. Wondering if there''s a connection',2008);
Insert into QUESTIONS values (80009,'Hoe long will this last for medium size dog?',2009);


Insert into CUSTOMERINFO values (2039,'amubhat@gsu.edu','123456','Amu','Bhatta',4047895676,4047895676);
Insert into CUSTOMERINFO values (2001,'CarlaHouston@gmail.com','password','Carla','Houston',4049401827,4049401827);
Insert into CUSTOMERINFO values (2003,'AbigailAkonObro@gmail.com','password','Abigail','Obro',4049401829,4049401828);
Insert into CUSTOMERINFO values (2004,'AshleyRosa@gmail.com','password','Ashley','Rosa',4049401830,4049401828);
Insert into CUSTOMERINFO values (2005,'JillianWyatt@gmail.com','password','Jillian','Wyatt',4049401831,4049401828);
Insert into CUSTOMERINFO values (2006,'NatoshaJacobs@gmail.com','password','Natosha','Jacobs',4049401832,4049401828);
Insert into CUSTOMERINFO values (2007,'EmmaMegan@gmail.com','password','Emma','Megan',4049401833,4049401828);
Insert into CUSTOMERINFO values (2008,'BrittanyLancaster@gmail.com','password','Brittany','Lancaster',4049401834,4049401828);
Insert into CUSTOMERINFO values (2009,'AudieDewey@gmail.com','password','Audie','Dewey',4049401835,4049401828);
Insert into CUSTOMERINFO values (2010,'NancyPerez@gmail.com','password','Nancy','Perez',4049401836,4049401828);
Insert into CUSTOMERINFO values (2011,'ShanikaRathnayake@gmail.com','password','Shanika','Rathnayake',4049401837,4049401828);
Insert into CUSTOMERINFO values (2012,'JacobSmith@gmail.com','password','Jacob','Smith',4049401838,4049401828);
Insert into CUSTOMERINFO values (2013,'NoahWilliam@gmail.com','password','Noah','William',4049401839,4049401828);
Insert into CUSTOMERINFO values (2002,'AlexanderLiam@gmail.com','password','Alexander','Liam',4049401840,4049401828);
Insert into CUSTOMERINFO values (2014,'Guest@gmail.com','xxx','Welcome','Guest',1111111111,2222222222);
Insert into CUSTOMERINFO values (2038,'vrushtara@gmail.com','123456','Vrush','Tara',4049538927,4049538927);
Insert into CUSTOMERINFO values (2015,'1@g.com','123,1213','sada','asas',12121,1212);
Insert into CUSTOMERINFO values (2016,'1@g.com','123,1213','sada','asas',12121,1212);
Insert into CUSTOMERINFO values (2017,'1@g.com','123,1213','sada','asas',12121,1212);
Insert into CUSTOMERINFO values (2018,'1@g.com','123,1213','sada','asas',12121,1212);
Insert into CUSTOMERINFO values (2019,'abhatkar@gsu.edu','qwer123,qwer123','Akshay','Bhatkar',4044567656,8649990289);
Insert into CUSTOMERINFO values (2020,'ADF@G.VOM','2435','SFGF','SFSGD',2335,3254);
Insert into CUSTOMERINFO values (2021,'g@f.com','5576','dad','gjhj',4657,57767);
Insert into CUSTOMERINFO values (2022,'1@a.com','122','1212121','1212121',1212121,1212121);
Insert into CUSTOMERINFO values (2023,'1212121@a.com','1212121','1212121','1212121',1212121,1212121);
Insert into CUSTOMERINFO values (2024,'1212@a.com','1212','1212','1212',1212,1212);
Insert into CUSTOMERINFO values (2025,'5576@a.com','123456','5576','5576',5576,5576);
Insert into CUSTOMERINFO values (2026,'121@a.com','121121','121','121',121,121);
Insert into CUSTOMERINFO values (2027,'123@1.com','123123','123','123',123,123);
Insert into CUSTOMERINFO values (2028,'123@1.com','123123','123','123',123,123);
Insert into CUSTOMERINFO values (2029,'123@1.com',null,'123','123',123,123);
Insert into CUSTOMERINFO values (2030,'898@a.com','898898','898','898',898,898);
Insert into CUSTOMERINFO values (2031,'2322@aa.com','23222322','2322','2322',2322,2322);
Insert into CUSTOMERINFO values (2032,'7676@a.com','76767676','7676','7676',7676,7676);
Insert into CUSTOMERINFO values (2033,'777@a.com','777777','777','777',777,777);
Insert into CUSTOMERINFO values (2034,'777@a.com','777777','777','777',777,777);
Insert into CUSTOMERINFO values (2035,'444@k.com','444444','444','444',444,444);
Insert into CUSTOMERINFO values (2036,'232@q.com','232232','232','232',232,232);
Insert into CUSTOMERINFO values (2037,'232@q.com','232232','232','232',232,232);
Insert into CUSTOMERINFO values (2040,'sukhi@dukhi.com','234234','Sukhi','Dukhi',234234,234234);


Insert into CREDITCARDINFO values ('Master Card',4444333322221111,123,'Carla Houston','JAN',2022,2001);
Insert into CREDITCARDINFO values ('Visa',4026724412345679,124,'Kaitlyn Kristy','FEB',2031,2002);
Insert into CREDITCARDINFO values ('Master Card',4026724512345680,125,'Abigail Akon Obro','JAN',2019,2003);
Insert into CREDITCARDINFO values ('Visa',4026724612345681,126,'Ashley Rosa','MAR',2030,2004);
Insert into CREDITCARDINFO values ('Master Card',4026724712345682,127,'Jillian Wyatt','APR',2019,2005);
Insert into CREDITCARDINFO values ('Visa',4026724812345683,128,'Natosha Jacobs','MAY',2018,2006);
Insert into CREDITCARDINFO values ('Master Card',4026724912345684,129,'Emma Megan','MAY',2023,2007);
Insert into CREDITCARDINFO values ('Visa',4026725012345685,130,'Brittany Lancaster','MAY',2019,2008);
Insert into CREDITCARDINFO values ('Master Card',4026725112345686,131,'Audie Dewey','MAY',2020,2009);
Insert into CREDITCARDINFO values ('Visa',4026725212345687,132,'Nancy Perez','JUN',2027,2010);
Insert into CREDITCARDINFO values ('Master Card',4026725312345688,133,'Shanika Rathnayake','JUL',2019,2011);
Insert into CREDITCARDINFO values ('Visa',4026725412345689,134,'Jacob Smith','AUG',2021,2012);
Insert into CREDITCARDINFO values ('Master Card',4026725512345690,135,'Noah William','SEPT',2012,2013);
Insert into CREDITCARDINFO values ('Visa',4026725612345691,136,'Alexander Liam','NOV',2021,2014);
Insert into CREDITCARDINFO values ('MasterCard',1234567890,123,'Dummy Dummy','FEB',2017,2024);
Insert into CREDITCARDINFO values ('MasterCard',123456789,123,'qwertyui','FEB',2018,2026);
Insert into CREDITCARDINFO values ('MasterCard',1234567812345678,123,'Tarun Tarun','FEB',2019,null);


Insert into GIFTCARD values (1234257979054690,1000);
Insert into GIFTCARD values (1235258079064692,2345);
Insert into GIFTCARD values (1236258179074693,1326);
Insert into GIFTCARD values (1237258279084694,2678);
Insert into GIFTCARD values (1238258379094695,7254);
Insert into GIFTCARD values (1239258479104696,9999);
Insert into GIFTCARD values (1240258579114697,2537);
Insert into GIFTCARD values (1241258679124698,8264);
Insert into GIFTCARD values (1242258779134699,2653);
Insert into GIFTCARD values (1243258879144700,3274);
Insert into GIFTCARD values (1244258979154701,32784);
Insert into GIFTCARD values (1245259079164702,32442);
Insert into GIFTCARD values (1246259179174703,236);
Insert into GIFTCARD values (1247259279184704,4775);
Insert into GIFTCARD values (1248259379194705,274);
Insert into GIFTCARD values (1249259479204706,27494);
Insert into GIFTCARD values (1250259579214707,94746);
Insert into GIFTCARD values (1251259679224708,54683);
Insert into GIFTCARD values (1252259779234709,26634);


Insert into PRODUCTDETAIL values (20001,'10x0x01',10,'Flavour1',110,10001);
Insert into PRODUCTDETAIL values (20002,'10x0x02',20,'Flavour2',120,10002);
Insert into PRODUCTDETAIL values (20003,'10x0x03',30,'Flavour3',130,10003);
Insert into PRODUCTDETAIL values (20004,'10x0x04',40,'Flavour4',140,10004);
Insert into PRODUCTDETAIL values (20005,'10x0x05',50,'Flavour5',150,10005);
Insert into PRODUCTDETAIL values (20006,'10x0x06',60,'Flavour6',160,10006);
Insert into PRODUCTDETAIL values (20007,'10x0x07',70,'Flavour7',170,10007);
Insert into PRODUCTDETAIL values (20008,'10x0x08',80,'Flavour8',180,10008);
Insert into PRODUCTDETAIL values (20009,'10x0x09',90,'Flavour9',190,10009);


Insert into PRODUCTSIZE values (10001,10001,'15 Lbs',100);
Insert into PRODUCTSIZE values (10002,10002,'20 Lbs',20);
Insert into PRODUCTSIZE values (10003,10003,'10 Lbs',7);
Insert into PRODUCTSIZE values (10004,10004,'25 Lbs',18);
Insert into PRODUCTSIZE values (10005,10005,'10 Lbs',39);
Insert into PRODUCTSIZE values (10006,10006,'50 Lbs',50);
Insert into PRODUCTSIZE values (10007,10007,'20 Lbs',15);
Insert into PRODUCTSIZE values (10008,10008,'15 Lbs',45);
Insert into PRODUCTSIZE values (10009,10009,'55 Lbs',60);
Insert into PRODUCTSIZE values (10010,10001,'60 Lbs',28);
Insert into PRODUCTSIZE values (10011,10002,'20 Lbs',72);
Insert into PRODUCTSIZE values (10012,10003,'30 Lbs',83);
Insert into PRODUCTSIZE values (10013,10004,'25 Lbs',91);
Insert into PRODUCTSIZE values (10014,10005,'30 Lbs',64);
Insert into PRODUCTSIZE values (10015,10006,'10 Lbs',38);

Insert into ADDRESS values (1073,'street','city','state',67543,'Ship','1',2039);
Insert into ADDRESS values (1074,'street','city','state',67543,'Bill','0',2039);
Insert into ADDRESS values (1027,'Broadway Street','Miami','Florida',30385,'Bill','1',null);
Insert into ADDRESS values (1028,'Bowery Street','Oakland','California',85412,'Ship','1',null);
Insert into ADDRESS values (1029,'Canal Street','Tulsa','Oklahoma',58634,'Ship','1',null);
Insert into ADDRESS values (1030,'Madison Street','Cleveland','Ohio',45216,'Bill','0',null);
Insert into ADDRESS values (1031,'Utopia Street','Wichita','Kansas',95476,'Bill','1',null);
Insert into ADDRESS values (1032,'Maiden Street','Dallas','Texas',45213,'Bill','1',null);
Insert into ADDRESS values (1033,'Mid Town Street','Galveston','Texas',54487,'Ship','1',null);
Insert into ADDRESS values (1034,'Lindbergh Street','Buffalo','New York',96523,'Ship','1',null);
Insert into ADDRESS values (1035,'Maiden Street','Tampa','Florida',45213,'Bill','0',null);
Insert into ADDRESS values (1036,'Goldfield Rd','Honolulu','Hawai',45213,'Bill','1',null);
Insert into ADDRESS values (1071,'Eon','Atlanta','Georgia',30324,'Ship','1',2038);
Insert into ADDRESS values (1072,'Eon','Atlanta','Georgia',30324,'Bill','0',2038);
Insert into ADDRESS values (1037,'Main Street, 1241','Georgia','Atlanta',54676,'Ship','1',2019);
Insert into ADDRESS values (1038,'Main Street, 1241','Georgia','Atlanta',54676,'Bill','0',2019);
Insert into ADDRESS values (1039,'234','4465','6565',5576,'Ship','1',2021);
Insert into ADDRESS values (1040,'4545','4545','4545',4545,'Bill','0',2021);
Insert into ADDRESS values (1041,'122','123','123',123,'Ship','1',2022);
Insert into ADDRESS values (1042,'1212','12121212','1212',1212,'Bill','0',2022);
Insert into ADDRESS values (1043,'1212','1212','1212',1212,'Ship','1',2024);
Insert into ADDRESS values (1044,'asa','asa','asa',1212,'Bill','0',2024);
Insert into ADDRESS values (1045,'5576','5576','5576',5576,'Ship','1',2025);
Insert into ADDRESS values (1046,'5576','5576','5576',5576,'Bill','0',2025);
Insert into ADDRESS values (1047,'121','121','121',121,'Ship','1',2026);
Insert into ADDRESS values (1048,'121','121','121',121,'Bill','0',2026);
Insert into ADDRESS values (1049,'123','123','123',123,'Ship','1',2027);
Insert into ADDRESS values (1050,'123','123','123',123,'Bill','0',2027);
Insert into ADDRESS values (1051,'123','123','123',123,'Ship','1',2028);
Insert into ADDRESS values (1052,'123','123','123',123,'Bill','0',2028);
Insert into ADDRESS values (1053,'123','123','123',123,'Ship','1',2029);
Insert into ADDRESS values (1054,'123','123','123',123,'Bill','0',2029);
Insert into ADDRESS values (1055,'898','898','898',898,'Ship','1',2030);
Insert into ADDRESS values (1056,'898','898','898',898,'Bill','0',2030);
Insert into ADDRESS values (1057,'2322','2322','2322',2322,'Ship','1',2031);
Insert into ADDRESS values (1058,'2322','2322','2322',2322,'Bill','0',2031);
Insert into ADDRESS values (1059,'7676','7676','7676',7676,'Ship','1',2032);
Insert into ADDRESS values (1060,'7676','7676','7676',7676,'Bill','0',2032);
Insert into ADDRESS values (1061,'777','777','777',777,'Ship','1',2033);
Insert into ADDRESS values (1062,'777','777','777',777,'Bill','0',2033);
Insert into ADDRESS values (1063,'777','777','777',777,'Ship','1',2034);
Insert into ADDRESS values (1064,'777','777','777',777,'Bill','0',2034);
Insert into ADDRESS values (1065,'444','444','444',444,'Ship','1',2035);
Insert into ADDRESS values (1066,'444','444','444',444,'Bill','0',2035);
Insert into ADDRESS values (1067,'232','232','232',232,'Ship','1',2036);
Insert into ADDRESS values (1068,'232','232','232',232,'Bill','0',2036);
Insert into ADDRESS values (1069,'232','232','232',232,'Ship','1',2037);
Insert into ADDRESS values (1070,'232','232','232',232,'Bill','0',2037);
Insert into ADDRESS values (1075,'234','234','234',234,'Ship','1',2040);
Insert into ADDRESS values (1076,'234','234','234',234,'Bill','0',2040);


Insert into ORDERHISTORY values (30007,11203,to_date('15-NOV-17','DD-MON-RR'),1070,2001);
Insert into ORDERHISTORY values (30008,11203,to_date('15-NOV-17','DD-MON-RR'),1070,2001);
Insert into ORDERHISTORY values (30009,11203,to_date('15-NOV-17','DD-MON-RR'),1070,2001);
Insert into ORDERHISTORY values (30012,11203,to_date('15-NOV-17','DD-MON-RR'),1072,2001);
Insert into ORDERHISTORY values (30013,11203,to_date('15-NOV-17','DD-MON-RR'),1072,2001);
Insert into ORDERHISTORY values (30014,11203,to_date('15-NOV-17','DD-MON-RR'),1072,2001);
Insert into ORDERHISTORY values (30015,11203,to_date('15-NOV-17','DD-MON-RR'),1072,2001);
Insert into ORDERHISTORY values (30016,11203,to_date('15-NOV-17','DD-MON-RR'),1072,2001);
Insert into ORDERHISTORY values (30017,11203,to_date('15-NOV-17','DD-MON-RR'),1072,2001);
Insert into ORDERHISTORY values (30018,11203,to_date('15-NOV-17','DD-MON-RR'),1072,2001);
Insert into ORDERHISTORY values (30019,11203,to_date('15-NOV-17','DD-MON-RR'),1072,2001);
Insert into ORDERHISTORY values (30020,11203,to_date('15-NOV-17','DD-MON-RR'),1072,2001);
Insert into ORDERHISTORY values (30021,11203,to_date('15-NOV-17','DD-MON-RR'),1072,2001);
Insert into ORDERHISTORY values (30024,11203,to_date('15-NOV-17','DD-MON-RR'),1072,2001);
Insert into ORDERHISTORY values (30001,30001,to_date('04-OCT-17','DD-MON-RR'),1027,2038);
Insert into ORDERHISTORY values (30010,11203,to_date('15-NOV-17','DD-MON-RR'),1070,2001);
Insert into ORDERHISTORY values (30011,11203,to_date('15-NOV-17','DD-MON-RR'),1070,2001);
Insert into ORDERHISTORY values (30022,11203,to_date('15-NOV-17','DD-MON-RR'),1072,2001);
Insert into ORDERHISTORY values (30023,11203,to_date('15-NOV-17','DD-MON-RR'),1072,2001);
Insert into ORDERHISTORY values (30025,11203,to_date('15-NOV-17','DD-MON-RR'),1074,2001);
Insert into ORDERHISTORY values (30026,11203,to_date('15-NOV-17','DD-MON-RR'),1074,2001);
Insert into ORDERHISTORY values (30027,11203,to_date('15-NOV-17','DD-MON-RR'),1074,2001);
Insert into ORDERHISTORY values (30028,11203,to_date('15-NOV-17','DD-MON-RR'),1074,2001);
Insert into ORDERHISTORY values (30029,11203,to_date('15-NOV-17','DD-MON-RR'),1074,2001);
Insert into ORDERHISTORY values (30030,11203,to_date('15-NOV-17','DD-MON-RR'),1074,2001);
Insert into ORDERHISTORY values (30031,11203,to_date('15-NOV-17','DD-MON-RR'),1074,2001);
Insert into ORDERHISTORY values (30002,11203,to_date('15-NOV-17','DD-MON-RR'),1070,2001);
Insert into ORDERHISTORY values (30003,11203,to_date('15-NOV-17','DD-MON-RR'),1070,2001);
Insert into ORDERHISTORY values (30004,11203,to_date('15-NOV-17','DD-MON-RR'),1070,2001);
Insert into ORDERHISTORY values (30005,11203,to_date('15-NOV-17','DD-MON-RR'),1070,2001);
Insert into ORDERHISTORY values (30006,11203,to_date('15-NOV-17','DD-MON-RR'),1070,2001);
Insert into ORDERHISTORY values (30032,11203,to_date('15-NOV-17','DD-MON-RR'),1074,2001);
Insert into ORDERHISTORY values (30033,11203,to_date('15-NOV-17','DD-MON-RR'),1074,2001);
Insert into ORDERHISTORY values (30034,11203,to_date('15-NOV-17','DD-MON-RR'),1074,2001);
Insert into ORDERHISTORY values (30035,11203,to_date('15-NOV-17','DD-MON-RR'),1076,2001);


Insert into CART values (209,2,2014,10003);
Insert into CART values (210,2,2014,10003);
Insert into CART values (212,2,2014,10003);
Insert into CART values (203,2,2014,10003);
Insert into CART values (204,2,2014,10003);
Insert into CART values (205,2,2014,10003);
Insert into CART values (206,2,2014,10003);
Insert into CART values (207,2,2014,10003);
Insert into CART values (208,2,2014,10003);
Insert into CART values (211,2,2014,10003);
Insert into CART values (213,2,2014,10003);
Insert into CART values (214,2,2014,10003);
Insert into CART values (215,2,2014,10003);
Insert into CART values (216,2,2014,10003);
Insert into CART values (201,2,2014,10003);
Insert into CART values (202,2,2014,10003);
Insert into CART values (219,2,2014,10003);
Insert into CART values (220,2,2014,10003);
Insert into CART values (221,2,2014,10003);
Insert into CART values (222,2,2014,10003);
Insert into CART values (223,2,2014,10003);
Insert into CART values (224,2,2014,10003);
Insert into CART values (225,2,2014,10003);
Insert into CART values (226,2,2014,10003);
Insert into CART values (227,2,2014,10003);
Insert into CART values (217,2,2014,10003);
Insert into CART values (218,2,2014,10003);


Insert into OFFERS values (20001,10,to_date('31-OCT-17','DD-MON-RR'),10002);
Insert into OFFERS values (20002,20,to_date('30-NOV-17','DD-MON-RR'),10003);
Insert into OFFERS values (20003,30,to_date('31-DEC-17','DD-MON-RR'),10004);
Insert into OFFERS values (20004,40,to_date('31-JAN-18','DD-MON-RR'),10005);


Insert into ANSWER values (90001,80001,'I''m not an expert, but I have a 47lb. German Shorthair and the piece size seems right for her. However, they strike me as large for the yorkies. ',1023);
Insert into ANSWER values (90002,80002,'Depends on cost of going to get it vers free delivery and also if you do the subscribe and save with Amazon so you get it auto shipped and if you get 15 percent of or 5. I get 15 and closest store is out of my way to require special trip so this is better deal for me. You need to figure it out for yourself. ',1024);
Insert into ANSWER values (90003,80003,'I have an 80lb blue heeled and one 35lb bag lasts eight weeks. ',1025);
Insert into ANSWER values (90004,80004,'It is hard with dried shredded chicken pieces. I cook sweet potatoes and mix rice with it and then when this is mixed with the food it softens the chicken pieces. ',1026);
Insert into ANSWER values (90005,80005,'I got a 35lb bag when I ordered it, to which my delivery man will sadly attest. ',1023);
Insert into ANSWER values (90006,80006,'Crude fiber content is 3%. Not sure if that helps answer your question or not. But I do know that there are high fiber dog foods out there. If you can''t find it you can always mix canned pumpkin into your dogs food to add additional fiber. ',1024);
Insert into ANSWER values (90007,80007,'The first ingredient listed is chicken, which is shredded and dehydrated. The kibble in the food is triangular. About two thirds of an inch on each side of the triangle. This may be to big for small dogs, but if you use water over it when feeding it might make it easier for a small dog to eat. I have a Border Collie (50 lbs) and I always use water when feeding. Hope this is helpful.',1025);
Insert into ANSWER values (90008,80008,'Could be an allergy ',1026);


Insert into ORDEREDPRODUCT values (30008,10004,'Y',60,76,to_date('15-NOV-17','DD-MON-RR'),'SHIPPED',null);
Insert into ORDEREDPRODUCT values (30009,10004,'Y',60,76,to_date('15-NOV-17','DD-MON-RR'),'SHIPPED',null);
Insert into ORDEREDPRODUCT values (30012,10004,'Y',60,76,to_date('15-NOV-17','DD-MON-RR'),'SHIPPED',null);
Insert into ORDEREDPRODUCT values (30013,10004,'Y',60,76,to_date('15-NOV-17','DD-MON-RR'),'SHIPPED',null);
Insert into ORDEREDPRODUCT values (30014,10004,'Y',60,76,to_date('15-NOV-17','DD-MON-RR'),'SHIPPED',null);
Insert into ORDEREDPRODUCT values (30015,10004,'Y',60,76,to_date('15-NOV-17','DD-MON-RR'),'SHIPPED',null);
Insert into ORDEREDPRODUCT values (30016,10004,'Y',60,76,to_date('15-NOV-17','DD-MON-RR'),'SHIPPED',null);
Insert into ORDEREDPRODUCT values (30017,10004,'Y',60,76,to_date('15-NOV-17','DD-MON-RR'),'SHIPPED',null);
Insert into ORDEREDPRODUCT values (30018,10004,'Y',60,76,to_date('15-NOV-17','DD-MON-RR'),'SHIPPED',null);
Insert into ORDEREDPRODUCT values (30019,10004,'Y',60,76,to_date('15-NOV-17','DD-MON-RR'),'SHIPPED',null);
Insert into ORDEREDPRODUCT values (30020,10004,'Y',60,76,to_date('15-NOV-17','DD-MON-RR'),'SHIPPED',null);
Insert into ORDEREDPRODUCT values (30021,10004,'Y',60,76,to_date('15-NOV-17','DD-MON-RR'),'SHIPPED',null);
Insert into ORDEREDPRODUCT values (30024,10004,'Y',60,76,to_date('15-NOV-17','DD-MON-RR'),'SHIPPED',null);
Insert into ORDEREDPRODUCT values (30001,10003,'Y',60,76,to_date('04-OCT-17','DD-MON-RR'),'Order placed',2);
Insert into ORDEREDPRODUCT values (30010,10004,'Y',60,76,to_date('15-NOV-17','DD-MON-RR'),'SHIPPED',null);
Insert into ORDEREDPRODUCT values (30011,10004,'Y',60,76,to_date('15-NOV-17','DD-MON-RR'),'SHIPPED',null);
Insert into ORDEREDPRODUCT values (30022,10004,'Y',60,76,to_date('15-NOV-17','DD-MON-RR'),'SHIPPED',null);
Insert into ORDEREDPRODUCT values (30023,10004,'Y',60,76,to_date('15-NOV-17','DD-MON-RR'),'SHIPPED',null);
Insert into ORDEREDPRODUCT values (30025,10004,'Y',60,76,to_date('15-NOV-17','DD-MON-RR'),'SHIPPED',null);
Insert into ORDEREDPRODUCT values (30026,10004,'Y',60,76,to_date('15-NOV-17','DD-MON-RR'),'SHIPPED',null);
Insert into ORDEREDPRODUCT values (30027,10004,'Y',60,76,to_date('15-NOV-17','DD-MON-RR'),'SHIPPED',null);
Insert into ORDEREDPRODUCT values (30028,10004,'Y',60,76,to_date('15-NOV-17','DD-MON-RR'),'SHIPPED',null);
Insert into ORDEREDPRODUCT values (30029,10004,'Y',60,76,to_date('15-NOV-17','DD-MON-RR'),'SHIPPED',null);
Insert into ORDEREDPRODUCT values (30030,10004,'Y',60,76,to_date('15-NOV-17','DD-MON-RR'),'SHIPPED',null);
Insert into ORDEREDPRODUCT values (30031,10004,'Y',60,76,to_date('15-NOV-17','DD-MON-RR'),'SHIPPED',null);
Insert into ORDEREDPRODUCT values (30001,10004,'Y',60,76,to_date('15-NOV-17','DD-MON-RR'),'Shipped',2);
Insert into ORDEREDPRODUCT values (30006,10004,'Y',60,76,to_date('15-NOV-17','DD-MON-RR'),'Shipped',null);
Insert into ORDEREDPRODUCT values (30032,10004,'Y',60,76,to_date('15-NOV-17','DD-MON-RR'),'SHIPPED',null);
Insert into ORDEREDPRODUCT values (30033,10004,'Y',60,76,to_date('15-NOV-17','DD-MON-RR'),'SHIPPED',null);
Insert into ORDEREDPRODUCT values (30034,10004,'Y',60,76,to_date('15-NOV-17','DD-MON-RR'),'SHIPPED',null);
Insert into ORDEREDPRODUCT values (30035,10004,'Y',60,76,to_date('15-NOV-17','DD-MON-RR'),'SHIPPED',null);